source	target	anchor
taxes/us-argentina-tax-treaty-investors.md	/taxes/us-brazil-tax-treaty-investors	Investing in US Stocks from Brazil
taxes/us-argentina-tax-treaty-investors.md	/taxes/us-mexico-tax-treaty-investors	US-Mexico Tax Treaty for Investors
taxes/us-bahrain-tax-treaty-investors.md	/taxes/us-saudi-arabia-tax-treaty-investors	US-Saudi Arabia Tax Treaty for Investors
taxes/us-bahrain-tax-treaty-investors.md	/taxes/us-uae-tax-treaty-investors	US-UAE Tax Treaty for Investors
taxes/us-bolivia-tax-treaty-investors.md	/taxes/us-ecuador-tax-treaty-investors	US-Ecuador Tax Treaty for Investors
taxes/us-cameroon-tax-treaty-investors.md	/taxes/us-nigeria-tax-treaty-investors	US-Nigeria Tax Treaty for Investors
taxes/us-estonia-tax-treaty-investors.md	/taxes/us-sweden-tax-treaty-investors	US-Sweden Tax Treaty for Investors
taxes/us-ethiopia-tax-treaty-investors.md	/taxes/us-kenya-tax-treaty-investors	US-Kenya Tax Treaty for Investors
taxes/us-ethiopia-tax-treaty-investors.md	/taxes/us-nigeria-tax-treaty-investors	US-Nigeria Tax Treaty for Investors
taxes/us-finland-tax-treaty-investors.md	/taxes/us-norway-tax-treaty-investors	US-Norway Tax Treaty for Investors
taxes/us-ghana-tax-treaty-investors.md	/taxes/us-kenya-tax-treaty-investors	Investing in US Stocks from Kenya
taxes/us-ghana-tax-treaty-investors.md	/taxes/us-nigeria-tax-treaty-investors	Investing in US Stocks from Nigeria
taxes/us-indonesia-tax-treaty-investors.md	/taxes/us-singapore-tax-treaty-investors	Interactive Brokers Singapore: US Stock Tax Guide
taxes/us-kuwait-tax-treaty-investors.md	/taxes/us-saudi-arabia-tax-treaty-investors	US-Saudi Arabia Tax Treaty for Investors
taxes/us-new-zealand-tax-treaty-investors.md	/taxes/us-singapore-tax-treaty-investors	Interactive Brokers Singapore: US Stock Tax Guide
taxes/us-oman-tax-treaty-investors.md	/taxes/us-qatar-tax-treaty-investors	US-Qatar Tax Treaty for Investors
us-investing/how-to-invest-in-us-stocks-from-brazil.md	/currency-banking/currency-risk-vs-market-risk-international-investors	currency risk vs market risk guide
us-investing/how-to-invest-in-us-stocks-from-brazil.md	/taxes/us-brazil-tax-treaty-investors	US-Brazil tax treaty guide
us-investing/how-to-invest-in-us-stocks-from-mexico.md	/taxes/us-mexico-tax-treaty-investors	US-Mexico tax treaty guide
us-investing/how-to-invest-in-us-stocks-from-netherlands.md	/taxes/us-netherlands-tax-treaty-investors	US-Netherlands tax treaty
us-investing/how-to-invest-in-us-stocks-from-netherlands.md	/taxes/us-netherlands-tax-treaty-investors	US-Netherlands tax treaty guide
us-investing/how-to-invest-in-us-stocks-from-philippines.md	/taxes/us-philippines-tax-treaty-investors	US-Philippines tax treaty guide
us-investing/how-to-invest-in-us-stocks-from-saudi-arabia.md	/estate-planning/us-estate-tax-treaty-countries	estate tax treaty countries guide
us-investing/how-to-invest-in-us-stocks-from-saudi-arabia.md	/taxes/us-saudi-arabia-tax-treaty-investors	US-Saudi Arabia tax treaty guide
us-investing/how-to-invest-in-us-stocks-from-spain.md	/taxes/us-spain-tax-treaty-investors	US-Spain tax treaty
us-investing/how-to-invest-in-us-stocks-from-spain.md	/taxes/us-spain-tax-treaty-investors	US-Spain tax treaty guide
us-investing/how-to-invest-in-us-stocks-from-thailand.md	/taxes/us-thailand-tax-treaty-investors	US-Thailand tax treaty guide
us-investing/how-to-invest-in-us-stocks-from-uae.md	/estate-planning/us-estate-tax-treaty-countries	estate tax treaty countries guide
us-investing/how-to-invest-in-us-stocks-from-uae.md	/taxes/us-uae-tax-treaty-investors	US-UAE tax treaty guide
currency-banking/avoiding-double-currency-conversion-fees.md	/currency-banking/swift-wire-vs-local-transfer-rails-explained	SWIFT vs local rails guide
currency-banking/currency-risk-vs-market-risk-international-investors.md	/currency-banking/hedging-usd-exposure-international-investors	USD hedging guide
currency-banking/currency-risk-vs-market-risk-international-investors.md	/currency-banking/exchange-rate-timing-effective-returns	timing guide
currency-banking/usd-cash-holding-strategy-international-investors.md	/currency-banking/hedging-usd-exposure-international-investors	hedging guide
estate-planning/avoiding-us-estate-tax-brokerage-account.md	/index-funds/ucits-vs-us-domiciled-etfs-tax-comparison	UCITS vs US-domiciled comparison
estate-planning/avoiding-us-estate-tax-brokerage-account.md	/estate-planning/life-insurance-vs-brokerage-assets-estate-planning	life insurance vs brokerage assets guide
estate-planning/avoiding-us-estate-tax-brokerage-account.md	/estate-planning/llc-trust-vs-direct-holding-us-stocks	LLC/trust vs direct holding guide
estate-planning/avoiding-us-estate-tax-brokerage-account.md	/estate-planning/us-estate-tax-treaty-countries	dedicated guide
estate-planning/avoiding-us-estate-tax-brokerage-account.md	/estate-planning/gifting-us-securities-foreign-investor	gifting US securities guide
estate-planning/tod-designations-foreign-investors.md	/estate-planning/joint-accounts-estate-tax-exposure	Joint Accounts and Estate Tax Exposure
estate-planning/us-estate-tax-non-resident-aliens-60000-exemption.md	/index-funds/ucits-vs-us-domiciled-etfs-tax-comparison	UCITS vs US-domiciled comparison
estate-planning/us-estate-tax-non-resident-aliens-60000-exemption.md	/estate-planning/joint-accounts-estate-tax-exposure	joint accounts guide
estate-planning/us-estate-tax-non-resident-aliens-60000-exemption.md	/estate-planning/us-estate-tax-treaty-countries	estate tax treaty countries guide
index-funds/accumulating-vs-distributing-etfs.md	/index-funds/ucits-vs-us-domiciled-etfs-tax-comparison	UCITS vs US-domiciled comparison
index-funds/bond-etfs-compared-bnd-agg-tlt.md	/taxes/municipal-bonds-foreign-investors-tax-treatment	municipal bonds guide
index-funds/bond-etfs-compared-bnd-agg-tlt.md	/strategies/barbell-portfolio-tqqq-core-bond-ballast	barbell portfolio guide
index-funds/voo-vs-spy-vs-ivv-sp500-etf-comparison.md	/strategies/qqq-vs-qqqm-vs-vgt-comparison	QQQ vs QQQM comparison
index-funds/voo-vs-spy-vs-ivv-sp500-etf-comparison.md	/index-funds/ucits-vs-us-domiciled-etfs-tax-comparison	UCITS vs US-domiciled comparison
retirement-pension/401k-ira-access-non-us-citizens.md	/retirement-pension/us-brokerage-account-retiring-abroad	what happens to your brokerage account when you retire abroad
retirement-pension/social-security-totalization-agreements-investment-income.md	/taxes/foreign-tax-credit-us-dividend-withholding	dedicated guide
retirement-pension/us-investing-through-foreign-pension-account.md	/retirement-pension/israeli-kupat-gemel-vs-direct-us-stock-investing	Israeli Kupat Gemel guide
retirement-pension/us-investing-through-foreign-pension-account.md	/retirement-pension/us-brokerage-account-retiring-abroad	what happens to your US brokerage account when you retire abroad
